StudyTimeWeekly,Absences,Tutoring,ParentalSupport,GPA,GradeClass
19,7,1,2,2,2
15,0,0,1,3,1
4,26,0,2,0,4
10,14,0,3,2,3
4,17,1,3,1,4
8,0,0,1,3,1
15,10,0,3,2,2
15,22,1,1,1,4
4,1,0,2,2,2
18,0,0,3,3,0
11,11,0,1,2,3
7,15,0,2,1,4
10,21,0,3,1,4
12,21,0,4,1,4
11,9,1,2,2,3
9,17,1,0,1,4
10,14,0,2,2,3
3,16,1,2,1,4
16,29,0,2,0,4
10,9,0,2,2,3
2,2,0,3,2,2
15,25,0,1,0,4
18,29,1,1,0,4
18,20,0,2,1,4
7,15,0,2,1,4
2,5,0,4,2,2
10,2,0,2,2,2
2,8,0,3,2,3
18,10,0,3,2,2
3,20,0,3,1,4
5,12,1,0,1,4
8,17,0,4,1,4
7,25,0,1,0,4
15,21,0,0,0,4
9,27,1,2,1,4
3,23,0,1,0,4
5,26,1,1,0,4
10,21,1,1,1,4
2,3,1,1,3,1
12,21,1,3,1,4
11,23,1,1,1,4
14,7,0,2,2,2
18,12,1,4,2,2
18,9,0,2,2,2
18,1,1,3,4,0
4,7,0,4,2,2
2,5,0,1,2,2
6,15,0,2,1,4
17,17,0,3,2,3
19,16,0,4,2,3
17,5,0,3,2,2
2,12,1,1,1,4
18,22,0,4,1,4
8,13,0,1,1,4
0,29,1,2,0,4
8,25,0,2,0,4
0,20,0,2,1,4
10,29,0,3,0,4
6,9,1,3,2,2
9,23,0,3,0,4
12,10,0,0,1,4
17,12,0,2,2,3
13,11,0,3,2,3
8,8,0,2,2,3
16,3,1,4,3,1
18,6,1,3,3,1
2,23,0,3,1,4
10,28,0,0,0,4
5,21,1,3,1,4
0,1,0,4,3,1
13,6,0,2,2,2
17,28,0,3,0,4
3,8,0,2,2,2
16,4,1,2,3,1
17,14,0,3,2,3
18,17,0,3,1,4
5,3,0,3,2,2
18,18,1,1,2,3
6,19,0,1,0,4
11,25,0,3,0,4
1,6,0,1,2,3
0,25,0,2,0,4
14,7,0,0,2,2
8,16,0,1,1,4
5,12,0,3,2,3
3,23,0,3,1,4
13,20,1,1,1,4
0,27,0,1,0,4
16,22,0,0,1,4
1,10,0,2,2,3
3,26,0,1,0,4
7,0,0,2,3,0
9,1,1,3,3,0
7,16,1,3,2,3
6,4,0,1,2,2
19,29,0,3,0,4
12,29,0,4,0,4
0,5,0,2,2,2
8,25,0,2,0,4
17,24,0,2,0,4
6,23,1,1,1,4
1,6,0,3,2,2
15,27,0,3,0,4
12,20,1,2,1,4
11,29,0,3,0,4
1,14,0,3,2,3
2,18,0,0,0,4
12,15,0,1,1,4
4,24,1,3,1,4
10,12,1,4,2,2
10,4,1,3,3,1
5,2,1,4,3,0
18,2,0,2,3,1
16,18,1,1,1,4
14,13,1,2,2,3
1,15,0,0,0,4
2,21,0,3,1,4
9,16,0,4,1,4
3,26,0,3,0,4
19,3,0,2,3,0
3,12,1,1,2,3
9,7,1,1,2,2
7,18,0,2,0,4
12,4,0,3,3,1
2,1,1,2,3,1
8,14,0,4,2,2
5,1,0,3,3,0
17,10,1,1,2,2
0,12,1,1,2,3
18,22,1,3,1,4
16,9,0,1,2,3
5,2,0,3,3,1
15,4,1,2,3,0
0,2,0,1,2,3
19,5,1,2,3,1
10,12,0,2,2,3
6,9,0,3,2,3
7,18,0,0,1,4
1,7,0,3,2,2
19,17,1,3,2,3
0,2,0,3,3,1
13,23,1,0,1,4
8,23,1,3,0,4
18,16,0,2,2,3
4,7,1,2,2,3
10,9,0,3,2,2
9,1,1,2,3,0
14,11,0,3,2,3
1,22,0,1,1,4
3,5,0,3,2,2
4,1,0,1,2,2
14,20,1,3,1,4
3,22,0,4,1,4
11,23,0,2,1,4
4,2,0,2,3,1
17,16,1,3,2,2
18,28,0,0,0,4
10,6,0,2,2,2
7,28,0,2,0,4
4,20,0,3,1,4
0,4,1,3,3,1
5,22,1,3,1,4
13,0,1,3,3,0
10,7,0,3,2,2
18,11,1,2,2,3
7,13,0,2,1,4
13,15,1,2,2,2
9,9,0,4,2,3
10,14,0,3,2,3
5,20,0,2,1,4
9,23,0,3,0,4
9,25,0,2,0,4
14,14,1,3,2,3
18,9,0,2,2,2
6,20,1,1,1,4
0,27,0,3,0,4
9,6,0,3,2,2
10,25,1,2,1,4
3,2,0,2,2,2
15,1,0,3,3,1
19,5,1,3,3,1
18,20,0,3,1,4
3,8,0,2,2,3
17,9,1,4,3,1
14,3,0,3,2,2
9,26,1,3,0,4
10,2,0,3,2,2
16,8,0,1,2,2
9,23,0,0,1,4
7,21,1,3,1,4
9,16,0,2,1,4
11,13,1,3,2,3
3,9,0,2,2,3
18,12,0,2,2,3
13,11,1,1,2,2
12,26,0,3,0,4
1,0,0,1,3,1
12,27,0,3,1,4
2,21,0,2,0,4
1,28,0,3,0,4
10,18,0,1,1,4
8,18,0,1,1,4
11,5,0,3,2,2
1,12,0,2,2,3
8,18,0,1,1,4
3,12,1,4,2,3
19,26,1,1,0,4
11,25,0,2,0,4
13,21,0,1,0,4
6,20,1,2,1,4
1,3,0,2,2,2
19,23,0,1,0,4
5,1,0,3,3,1
8,14,1,2,1,4
12,11,0,3,2,3
0,29,1,1,0,4
16,26,1,2,1,4
10,6,0,0,2,2
5,19,1,3,1,4
1,17,0,3,1,4
3,22,0,3,1,4
17,12,0,2,2,3
13,16,0,3,1,4
4,3,0,3,2,2
1,24,0,0,0,4
13,13,0,1,1,4
11,19,0,2,0,4
8,27,0,3,0,4
7,12,1,0,1,4
4,2,0,3,3,1
13,25,0,2,0,4
19,25,0,2,0,4
3,17,0,1,1,4
11,13,0,2,1,4
8,14,0,0,1,4
8,2,0,0,2,2
5,0,0,3,2,2
16,25,1,2,1,4
9,23,1,2,1,4
10,16,0,1,1,4
6,2,1,2,3,1
3,13,0,0,1,4
1,2,0,2,2,2
14,12,1,2,2,3
3,14,0,2,1,4
13,17,0,4,2,3
7,13,0,2,1,4
8,20,0,2,1,4
9,25,0,2,1,4
7,2,0,1,2,2
2,18,0,3,1,4
6,7,0,2,2,3
13,3,1,1,2,2
13,3,0,3,3,1
5,18,1,0,1,4
9,10,0,4,2,3
3,0,1,3,3,1
4,7,1,2,2,2
0,14,0,1,1,4
17,0,0,1,3,1
4,6,0,1,2,3
4,20,1,1,1,4
5,19,0,2,1,4
2,19,0,4,1,4
12,23,0,2,0,4
1,10,1,3,2,3
2,26,0,3,0,4
12,28,0,3,0,4
6,13,0,0,1,4
14,21,1,2,1,4
11,15,0,3,1,4
5,13,0,3,1,4
13,11,0,4,2,3
2,16,0,3,1,4
10,13,1,1,2,3
8,9,0,2,2,2
5,23,0,0,0,4
12,28,1,3,0,4
17,13,1,2,2,3
19,17,0,3,1,4
12,21,0,4,1,4
8,8,1,3,2,2
4,16,0,2,1,4
5,5,1,1,2,3
9,7,1,3,3,1
7,25,0,1,0,4
18,12,1,1,1,4
7,17,0,1,1,4
7,4,0,2,2,2
7,5,0,1,2,3
16,20,1,4,1,4
13,18,0,4,1,4
12,3,0,4,3,1
6,6,1,0,2,2
16,3,0,4,3,1
0,24,0,4,0,4
17,10,1,4,3,1
10,11,1,3,1,4
7,13,1,3,2,2
9,12,1,1,1,4
13,28,0,3,1,4
0,9,0,0,1,4
17,17,0,2,1,4
8,15,0,4,1,4
6,4,0,2,3,1
2,7,1,1,2,3
8,13,0,4,2,3
9,4,0,4,3,0
8,25,0,1,0,4
13,27,0,3,1,4
8,23,0,2,0,4
19,7,0,2,3,1
11,24,0,1,0,4
16,25,0,0,0,4
2,5,1,1,2,2
7,15,1,0,1,4
6,27,0,4,0,4
11,3,1,3,3,1
17,11,0,3,2,2
1,10,0,3,2,3
1,2,0,1,2,2
17,11,0,4,2,2
4,29,1,3,0,4
13,4,0,2,2,2
10,5,1,1,2,2
16,18,0,3,1,4
2,17,0,3,1,4
2,15,1,3,1,4
11,22,0,0,1,4
18,10,0,1,2,3
8,4,0,2,3,1
6,8,0,3,2,3
12,2,0,0,2,2
18,29,0,2,0,4
16,7,0,2,2,2
19,5,0,3,3,1
0,3,0,2,2,2
2,11,0,2,1,4
12,11,0,3,2,3
16,24,0,4,1,4
5,20,0,1,1,4
4,15,0,1,1,4
15,9,0,4,2,2
1,21,0,2,1,4
7,13,0,3,1,4
10,12,0,3,1,4
11,8,0,1,2,2
14,6,0,3,3,1
7,11,0,3,1,4
12,4,0,2,2,2
11,17,0,0,1,4
10,3,0,4,2,2
12,1,0,2,2,2
5,2,1,3,3,1
1,25,0,3,0,4
2,11,1,2,2,3
4,2,1,3,3,1
10,3,0,4,3,1
16,5,0,2,3,1
14,11,0,2,1,4
15,18,0,4,2,3
7,9,0,1,2,3
8,29,1,0,0,4
7,0,1,4,3,0
3,16,0,3,1,4
1,15,0,4,1,4
11,8,0,0,2,3
19,24,1,1,0,4
3,20,1,1,1,4
0,8,1,3,2,3
15,26,0,3,0,4
5,22,0,2,0,4
16,8,0,0,2,3
14,11,0,3,2,3
18,22,1,2,1,4
8,8,1,1,2,3
13,14,0,4,2,2
9,1,0,1,2,2
12,10,0,3,2,3
8,10,1,3,2,2
3,7,0,2,2,2
10,22,0,1,1,4
10,5,0,2,2,2
16,20,0,3,1,4
14,19,1,1,1,4
13,6,0,3,2,2
2,2,0,4,2,2
14,7,0,4,2,2
10,17,0,2,1,4
17,16,0,3,1,4
18,10,0,4,2,3
1,1,0,2,2,2
16,24,1,1,1,4
0,20,0,1,0,4
7,26,0,1,0,4
10,23,0,3,0,4
2,18,0,2,1,4
14,6,0,3,2,2
0,17,1,3,1,4
3,7,0,3,3,1
11,13,0,3,2,3
14,6,0,0,3,1
18,27,0,3,0,4
14,20,0,2,1,4
13,27,0,2,0,4
7,26,0,0,0,4
0,3,0,4,2,2
2,16,0,4,2,3
10,4,0,2,3,1
13,11,0,2,2,3
8,8,0,3,2,3
14,25,0,1,0,4
10,19,1,1,1,4
1,12,0,3,1,4
3,24,0,1,0,4
16,27,0,2,0,4
14,17,1,2,1,4
17,19,1,2,1,4
2,8,0,1,2,3
19,3,0,2,3,1
4,20,1,2,1,4
0,26,0,2,0,4
19,7,0,3,3,1
5,0,1,4,3,0
13,16,0,1,1,4
3,24,0,3,1,4
11,8,1,1,2,2
18,19,0,2,1,4
6,12,0,2,2,3
13,1,0,2,3,1
3,12,0,3,2,3
12,8,0,2,2,3
6,29,0,2,0,4
4,19,0,3,1,4
6,5,1,1,2,2
3,27,0,1,0,4
18,0,1,0,3,1
7,27,1,1,0,4
4,24,0,2,0,4
8,4,0,2,2,2
6,2,1,1,3,1
14,3,0,0,2,2
19,0,0,3,4,0
8,13,0,3,2,3
17,8,1,4,3,1
11,29,0,4,0,4
3,23,0,4,1,4
13,3,0,3,3,1
10,17,1,3,2,3
13,13,0,1,1,4
17,24,0,3,1,4
8,3,0,0,2,2
18,24,0,3,1,4
15,9,0,2,2,2
9,2,0,3,3,0
12,22,0,0,1,4
6,6,1,2,3,1
19,9,0,2,2,2
13,12,0,1,1,4
0,3,1,2,3,1
6,17,0,0,1,4
12,10,0,2,2,3
1,24,1,2,0,4
0,3,0,3,2,2
9,23,0,2,1,4
6,13,0,2,2,3
8,17,0,4,1,4
5,7,0,2,2,3
3,26,1,2,0,4
13,9,0,2,2,2
10,4,0,3,3,1
4,22,0,2,1,4
6,6,1,2,3,1
11,11,1,3,2,2
1,24,0,0,0,4
2,2,1,3,3,1
1,25,1,2,1,4
16,3,0,2,2,2
15,9,0,3,2,2
15,3,0,1,2,2
14,14,1,3,2,2
13,28,1,4,1,4
9,9,0,2,2,2
12,20,0,4,1,4
0,29,0,0,0,4
12,21,1,3,1,4
15,15,1,2,2,3
10,14,0,2,1,4
7,18,0,1,1,4
5,28,0,2,0,4
12,19,1,1,1,4
13,18,0,4,2,3
17,17,0,3,2,3
6,25,1,1,0,4
15,11,0,1,2,3
11,24,1,3,1,4
17,15,0,2,2,3
10,0,0,1,2,2
10,15,1,2,2,3
11,1,0,2,3,1
14,23,0,1,1,4
19,14,0,3,2,3
1,6,0,3,2,2
1,27,0,0,0,4
18,0,1,4,3,0
10,4,1,2,3,1
12,9,1,1,2,2
9,21,0,1,0,4
1,20,1,1,0,4
15,3,1,2,3,0
14,13,0,1,1,4
6,12,0,2,1,4
6,0,0,1,3,1
16,15,1,3,2,3
1,22,0,3,1,4
17,8,1,2,2,2
5,21,0,3,1,4
11,15,1,4,2,2
18,18,0,3,1,4
13,14,0,2,2,3
8,25,0,2,0,4
13,13,0,3,2,3
6,19,1,1,1,4
5,9,1,2,2,2
19,20,0,2,1,4
15,11,0,3,2,3
12,27,0,3,0,4
7,0,0,2,3,0
0,20,0,1,0,4
0,16,1,4,1,4
11,8,1,0,2,3
15,22,0,0,0,4
10,18,0,2,1,4
16,24,0,3,1,4
0,17,0,3,1,4
7,27,0,4,0,4
4,6,0,1,2,3
8,8,0,2,2,3
1,21,0,1,0,4
19,25,0,3,1,4
4,20,0,2,0,4
18,11,0,0,2,3
8,6,1,3,3,1
19,13,1,2,2,3
11,14,1,2,1,4
18,14,0,3,2,3
0,5,0,1,2,3
14,20,0,1,1,4
18,13,0,1,2,3
2,1,1,2,3,1
1,7,0,1,2,3
8,12,0,3,2,3
18,22,0,1,1,4
10,5,0,4,2,2
10,4,1,1,3,1
2,4,0,1,2,2
0,24,0,1,0,4
16,0,0,3,3,0
1,8,1,2,2,2
12,5,0,3,3,1
18,19,0,3,1,4
4,25,0,4,0,4
13,29,1,3,0,4
1,6,0,0,2,3
12,8,0,3,2,2
3,4,1,4,3,1
14,13,1,4,2,2
6,4,0,1,2,3
9,7,1,3,3,1
11,6,0,1,2,3
3,12,1,1,2,2
14,12,0,3,2,3
6,7,0,4,2,2
13,10,1,2,2,3
3,27,1,3,0,4
13,25,0,0,0,4
2,17,1,0,1,4
8,24,0,2,0,4
4,18,1,2,1,4
14,5,0,3,3,1
5,21,0,2,0,4
17,1,0,2,3,1
17,27,0,2,1,4
3,12,0,1,1,4
12,22,0,4,1,4
1,24,0,2,0,4
7,27,1,2,0,4
14,25,0,3,1,4
13,10,0,2,2,3
12,0,0,3,3,0
5,23,0,1,0,4
7,1,0,1,2,3
2,29,0,4,0,4
14,16,0,3,1,4
10,7,0,2,2,2
14,1,0,3,3,1
4,5,0,4,2,2
6,21,1,1,1,4
6,4,0,0,2,3
0,15,1,2,1,4
6,7,0,1,2,3
16,18,1,1,1,4
17,15,0,3,2,3
10,12,0,0,1,4
9,25,1,3,1,4
0,19,0,2,1,4
17,6,0,2,2,2
0,15,0,3,2,3
18,22,1,2,1,4
9,15,0,1,1,4
6,28,0,1,0,4
18,11,1,3,2,2
0,13,0,1,1,4
11,23,1,0,1,4
10,17,0,4,2,3
4,26,1,4,0,4
8,27,0,2,0,4
13,17,0,0,0,4
14,15,0,3,2,3
0,19,0,3,1,4
18,15,0,1,2,3
3,12,0,1,1,4
4,25,0,3,1,4
5,28,0,4,0,4
0,8,0,3,2,2
2,25,0,1,0,4
19,27,0,2,1,4
6,8,0,3,2,3
2,12,0,1,1,4
2,28,0,1,0,4
14,3,1,1,3,1
17,8,0,2,2,2
5,14,0,2,1,4
0,13,0,3,1,4
4,18,1,3,1,4
1,11,0,4,2,3
2,20,1,3,1,4
8,25,0,1,0,4
4,24,1,2,1,4
10,5,0,2,2,2
5,2,0,0,2,2
18,25,0,4,1,4
18,24,1,0,1,4
11,21,1,2,1,4
7,19,0,2,1,4
7,15,0,2,2,3
8,29,0,3,0,4
14,19,0,2,1,4
9,23,0,1,0,4
17,22,0,1,0,4
18,16,1,4,2,3
6,15,0,1,1,4
11,5,0,1,2,2
1,7,0,2,2,3
4,18,1,1,1,4
8,29,1,2,0,4
4,24,0,3,0,4
17,25,1,3,1,4
3,1,1,3,2,2
9,13,0,1,2,3
12,21,0,2,1,4
13,11,1,0,2,3
7,16,0,0,1,4
17,27,0,2,0,4
11,26,0,1,0,4
8,14,0,3,2,3
1,17,1,3,1,4
9,15,0,3,1,4
16,12,0,3,2,2
12,20,1,0,1,4
16,16,0,2,1,4
9,7,0,1,2,3
2,0,1,2,3,1
0,28,0,1,0,4
6,24,0,0,0,4
13,25,0,2,1,4
15,26,0,3,0,4
5,2,1,3,3,1
9,15,0,2,1,4
8,27,0,2,0,4
8,1,0,2,2,2
4,14,0,3,1,4
2,0,1,0,3,0
3,8,1,3,2,2
1,15,1,2,1,4
3,3,0,1,2,3
0,11,1,0,1,4
12,0,0,1,2,2
6,0,1,2,3,1
19,6,1,3,3,0
3,17,0,2,0,4
6,22,0,2,1,4
7,27,0,4,0,4
0,22,0,1,0,4
16,14,1,1,2,3
0,25,0,2,0,4
18,29,0,3,1,4
17,24,0,3,1,4
10,12,1,2,2,3
10,15,0,4,2,2
13,6,0,3,2,2
7,15,0,0,1,4
12,12,0,3,2,2
0,13,0,0,1,4
1,16,1,3,1,4
9,11,0,1,2,3
10,28,0,3,0,4
17,23,0,2,1,4
2,23,0,3,0,4
16,19,0,2,1,4
4,12,0,3,2,3
7,23,0,1,0,4
6,19,0,4,1,4
8,14,0,3,2,3
3,23,1,1,1,4
10,20,0,4,1,4
16,3,1,2,3,0
8,21,1,3,1,4
9,1,0,3,3,1
16,27,1,0,0,4
14,17,0,4,2,3
9,1,0,2,3,1
5,24,0,1,0,4
17,14,0,3,2,2
11,29,0,3,0,4
4,25,0,0,0,4
5,18,0,1,0,4
16,14,0,3,2,3
0,25,0,0,0,4
19,19,0,4,1,4
2,9,0,3,2,2
15,27,0,2,1,4
7,23,0,2,1,4
9,19,0,2,1,4
17,10,1,2,2,2
8,25,1,3,1,4
10,9,0,4,2,2
0,28,1,2,0,4
0,22,0,2,0,4
4,4,0,1,2,3
13,8,1,3,2,2
2,19,0,3,1,4
2,18,1,3,1,4
8,12,0,0,1,4
12,17,0,3,2,3
14,16,0,2,1,4
3,26,0,3,0,4
1,5,0,3,2,2
18,9,0,3,2,2
5,1,1,2,2,2
17,23,0,3,1,4
17,5,0,0,2,3
15,27,0,3,0,4
3,27,1,0,0,4
16,20,0,2,1,4
15,12,0,1,1,4
11,17,1,3,2,3
6,6,0,2,2,2
5,1,0,3,3,1
2,28,1,3,0,4
10,13,1,3,2,3
11,4,0,1,2,3
7,17,0,3,1,4
9,10,1,2,2,3
7,9,0,0,2,3
12,10,1,1,2,3
18,26,0,1,0,4
3,1,0,0,2,2
7,14,0,2,1,4
2,6,1,0,2,2
12,8,1,2,2,2
14,4,0,1,2,3
18,6,1,1,2,2
5,19,0,4,1,4
19,1,0,2,3,1
1,2,1,1,3,1
12,1,1,2,3,1
1,20,1,1,0,4
17,21,1,0,1,4
10,22,0,0,0,4
13,18,0,4,2,3
16,3,1,3,3,1
3,23,0,3,1,4
0,19,0,4,1,4
17,6,0,4,2,2
6,27,0,3,0,4
2,21,1,3,1,4
9,6,0,2,2,2
11,16,1,1,1,4
0,18,0,2,1,4
5,21,0,2,0,4
0,15,0,4,1,4
8,2,0,2,3,1
17,14,0,3,2,3
19,13,0,2,2,2
12,14,0,1,1,4
3,13,0,2,1,4
18,6,0,2,2,2
10,24,0,2,0,4
3,2,0,2,3,1
18,29,0,1,0,4
15,16,1,2,1,4
14,9,0,3,2,2
14,14,1,2,2,3
4,28,1,2,0,4
4,5,0,0,2,3
13,27,1,1,0,4
4,16,0,2,1,4
8,16,1,2,1,4
15,13,1,2,1,4
15,23,0,3,1,4
9,24,0,1,0,4
15,17,0,0,1,4
16,24,0,2,1,4
13,4,0,2,2,3
4,28,0,2,0,4
5,7,0,3,2,3
6,6,0,3,3,1
2,22,1,1,1,4
5,3,1,4,3,0
4,17,0,1,1,4
9,4,0,3,3,1
18,15,0,3,2,3
2,13,0,3,1,4
14,26,1,1,1,4
13,26,0,2,0,4
1,18,0,2,1,4
18,13,1,1,2,2
11,8,1,0,2,3
7,5,0,2,2,2
15,16,0,2,1,4
5,18,0,3,1,4
13,11,0,1,1,4
0,3,1,3,2,2
16,15,0,1,1,4
8,24,0,3,1,4
12,10,1,2,2,2
4,21,1,2,1,4
13,3,1,3,3,1
15,16,0,1,1,4
9,7,0,1,2,3
12,13,0,2,1,4
9,26,0,1,0,4
17,1,0,2,3,1
9,10,0,1,1,4
16,10,0,3,2,3
16,23,1,3,1,4
8,21,0,0,1,4
4,23,1,3,1,4
8,5,0,2,2,2
16,20,1,2,1,4
4,20,0,2,1,4
10,13,1,3,2,3
16,29,0,2,0,4
7,9,0,3,2,3
12,25,1,1,0,4
4,26,0,4,0,4
2,7,0,3,2,3
15,6,1,1,2,2
1,7,1,3,2,2
5,27,0,2,0,4
17,7,0,1,2,2
6,22,0,1,1,4
19,1,0,0,3,1
19,26,1,3,1,4
5,15,0,2,1,4
0,8,0,2,2,3
14,12,1,1,2,3
9,22,0,2,1,4
2,11,0,2,1,4
14,26,0,3,0,4
0,21,0,4,1,4
17,24,0,2,1,4
2,28,0,2,0,4
2,16,0,2,1,4
3,26,0,3,0,4
19,1,0,1,3,0
13,12,0,2,2,3
16,0,0,3,3,1
7,25,0,0,0,4
6,27,0,1,0,4
4,18,0,3,1,4
9,10,0,1,1,4
11,4,0,2,2,2
12,0,1,2,3,0
5,19,0,2,1,4
18,29,1,1,0,4
3,12,1,4,2,2
19,7,0,0,2,2
0,5,0,3,2,3
9,28,1,0,0,4
6,16,0,2,1,4
8,11,1,1,2,3
11,0,0,1,3,1
8,2,0,1,2,2
8,13,0,2,2,3
14,25,0,2,1,4
13,7,0,1,2,2
16,10,0,4,2,2
4,26,1,1,0,4
12,13,1,2,2,3
11,7,0,1,2,2
7,28,1,2,0,4
9,2,1,3,3,1
6,6,1,2,2,2
2,27,0,1,0,4
4,18,1,1,1,4
2,3,0,3,2,3
13,24,0,1,0,4
13,15,1,2,2,3
19,12,0,1,2,3
14,19,0,1,1,4
1,18,1,1,1,4
17,4,0,3,3,1
17,22,1,3,1,4
8,4,1,2,3,1
11,19,0,1,1,4
19,23,0,2,1,4
10,3,1,2,3,1
18,1,0,2,3,0
1,25,1,0,0,4
3,12,1,4,2,3
8,29,0,2,0,4
11,15,0,4,2,3
16,21,1,0,1,4
19,1,0,1,3,0
7,18,0,1,1,4
0,16,1,3,1,4
16,4,1,2,3,1
12,24,0,3,1,4
3,17,0,3,1,4
9,27,0,3,0,4
14,22,1,3,1,4
15,20,1,3,2,3
9,17,1,3,2,3
6,7,0,2,2,3
19,26,1,3,1,4
13,14,1,3,2,2
8,12,0,2,1,4
5,12,0,4,2,3
14,15,1,0,1,4
4,21,0,2,0,4
3,19,0,1,1,4
10,12,0,1,1,4
5,19,0,3,1,4
12,1,0,4,3,1
2,2,0,3,2,2
13,14,1,4,2,2
5,22,1,1,1,4
0,18,1,1,1,4
2,12,0,2,1,4
18,4,1,3,3,0
17,25,1,0,1,4
4,21,0,4,1,4
15,5,0,3,3,1
12,13,0,4,1,4
19,3,1,2,3,1
7,21,0,2,1,4
13,18,1,3,1,4
1,22,0,3,0,4
7,6,0,1,2,3
19,3,1,4,3,0
10,1,0,3,3,1
5,26,0,0,0,4
2,6,1,1,2,2
14,2,1,2,3,1
12,14,0,2,2,3
7,0,0,3,3,1
19,1,0,0,2,2
0,9,1,3,2,3
6,15,0,3,2,3
18,24,0,1,0,4
6,27,0,2,0,4
5,14,1,1,1,4
10,23,1,1,1,4
16,14,1,2,1,4
2,13,0,4,2,3
18,21,1,1,1,4
15,13,0,2,1,4
3,5,0,1,2,2
14,13,1,1,2,3
7,16,0,2,1,4
8,17,0,3,1,4
15,19,1,0,1,4
19,18,0,4,1,4
2,29,0,0,0,4
8,16,0,3,1,4
9,15,0,3,2,3
7,7,1,2,3,1
7,6,0,1,2,3
1,19,1,2,1,4
13,27,0,3,1,4
8,11,0,3,2,3
3,8,0,2,2,3
16,26,1,2,0,4
16,13,0,3,1,4
9,19,1,4,1,4
5,0,0,3,3,0
12,9,1,3,2,2
5,16,1,2,1,4
4,16,1,3,1,4
14,16,1,3,1,4
0,3,0,3,3,1
1,16,1,2,1,4
0,17,0,2,1,4
3,19,0,2,1,4
1,22,0,2,0,4
19,1,0,2,3,1
5,7,0,3,2,2
2,12,0,2,1,4
4,22,0,1,0,4
18,24,0,3,1,4
10,29,0,3,0,4
7,21,1,2,1,4
17,19,1,1,1,4
7,21,1,4,1,4
6,14,0,3,1,4
4,19,0,1,1,4
7,22,1,0,0,4
6,8,1,2,2,2
13,2,1,3,3,0
5,2,0,1,2,2
11,1,0,2,3,1
1,0,1,2,3,0
3,13,0,3,1,4
8,16,0,2,1,4
18,12,1,2,2,3
7,18,1,4,2,3
13,29,0,1,0,4
5,22,0,1,0,4
2,14,1,3,2,2
1,26,0,1,0,4
6,24,1,3,1,4
3,13,1,0,2,3
3,1,1,1,3,1
15,6,1,4,3,0
0,16,0,2,2,3
11,17,0,3,1,4
7,5,0,1,2,2
10,26,0,1,0,4
11,20,0,3,1,4
6,7,0,2,2,3
5,27,1,2,0,4
14,26,0,0,0,4
17,1,0,2,3,1
3,0,0,3,3,1
1,15,0,3,1,4
17,6,0,3,2,2
6,21,0,3,1,4
11,23,0,2,1,4
7,10,1,2,2,3
2,14,1,3,2,3
11,12,1,1,2,3
10,29,0,1,0,4
4,23,0,4,1,4
9,1,0,0,2,2
15,13,0,1,1,4
11,23,0,2,0,4
1,5,0,3,2,2
10,8,1,2,3,1
14,27,0,2,0,4
15,6,0,4,3,1
12,17,0,3,1,4
3,23,0,3,1,4
14,8,1,0,2,3
13,22,0,1,0,4
0,3,0,2,3,1
8,8,0,1,2,3
6,3,0,0,2,2
13,11,0,1,2,3
4,3,1,2,3,1
11,24,1,3,1,4
18,29,1,3,0,4
15,23,0,0,0,4
18,19,0,2,1,4
19,13,0,1,2,3
0,23,1,2,0,4
12,23,1,2,1,4
8,6,1,2,3,1
17,25,0,3,1,4
5,12,0,3,2,3
19,21,0,3,1,4
12,7,0,3,2,3
15,22,0,3,1,4
1,4,0,3,2,2
3,11,1,2,1,4
15,12,0,2,2,3
0,28,0,3,0,4
16,19,0,0,0,4
0,13,0,3,1,4
13,27,1,4,0,4
7,17,0,3,1,4
12,26,0,0,0,4
13,23,1,2,1,4
6,24,0,3,0,4
2,19,0,4,1,4
1,3,1,2,3,1
11,20,1,3,1,4
10,17,0,3,1,4
14,6,0,1,3,1
10,14,0,3,2,3
8,20,1,2,1,4
7,5,0,2,3,1
0,15,1,2,1,4
6,19,1,3,1,4
19,23,1,3,2,3
17,7,0,2,3,1
6,27,0,3,0,4
11,20,0,3,1,4
16,15,1,3,2,3
8,27,0,2,0,4
0,21,0,0,0,4
1,15,0,2,1,4
10,2,0,3,3,0
19,16,0,1,2,3
13,8,0,4,3,1
1,24,0,3,0,4
3,2,0,3,2,2
15,19,0,3,1,4
16,28,1,2,0,4
12,6,1,3,3,0
12,17,0,2,1,4
0,11,0,3,1,4
16,18,1,3,2,3
15,15,0,3,2,3
5,21,0,3,1,4
14,26,0,0,0,4
4,23,0,0,0,4
0,16,0,3,1,4
4,19,1,1,0,4
3,14,1,2,2,3
6,0,0,2,3,1
8,1,0,0,2,2
10,7,0,0,2,3
9,21,0,3,1,4
5,24,0,3,0,4
0,1,0,2,3,1
12,18,1,4,2,3
7,8,0,1,2,3
5,8,1,1,2,3
17,12,0,3,2,2
14,5,0,3,3,1
17,29,0,2,0,4
9,14,0,4,2,3
2,18,1,4,1,4
13,20,0,0,1,4
4,14,0,1,1,4
8,17,0,3,1,4
1,6,0,2,2,3
16,25,0,0,0,4
2,10,0,3,2,3
18,7,1,2,2,2
17,5,1,2,3,1
9,7,0,1,2,2
14,1,0,3,3,1
12,18,0,2,1,4
16,15,0,1,2,3
8,6,1,2,2,2
15,9,1,2,3,1
9,11,0,4,2,2
18,16,0,4,2,3
9,6,1,1,2,3
9,21,1,3,1,4
15,7,0,3,2,2
16,6,0,3,3,1
11,3,0,2,2,2
3,2,1,0,2,2
9,18,0,3,1,4
19,14,1,1,2,3
15,3,0,1,2,2
16,24,0,3,1,4
0,8,0,4,2,3
9,12,1,1,2,3
12,17,0,3,1,4
16,20,1,2,1,4
0,15,0,3,1,4
17,0,1,2,3,1
10,3,1,1,3,1
3,17,0,1,0,4
6,7,1,2,2,2
5,19,0,1,0,4
10,15,0,0,1,4
1,20,0,3,0,4
3,10,1,2,2,3
16,19,1,3,2,3
2,20,0,1,1,4
4,20,1,3,1,4
9,20,0,2,1,4
10,26,1,0,0,4
15,18,0,2,1,4
8,22,0,0,1,4
15,18,0,3,1,4
12,17,0,3,2,3
2,18,0,2,1,4
3,10,0,1,2,3
8,2,0,1,2,2
7,7,1,2,2,2
14,19,0,3,1,4
11,18,1,1,1,4
7,9,0,0,2,3
3,15,0,2,1,4
4,4,0,2,2,2
11,19,1,1,1,4
8,8,1,2,2,2
10,7,0,2,2,2
3,10,0,2,2,3
13,15,0,2,1,4
17,6,0,3,2,2
5,14,1,0,1,4
9,23,0,1,0,4
19,28,0,2,0,4
6,20,1,2,1,4
11,19,1,2,1,4
1,22,0,3,1,4
12,16,0,3,2,3
1,5,0,1,2,3
19,14,0,3,2,3
14,7,0,2,2,2
15,6,1,1,3,1
14,1,1,4,3,0
11,29,0,3,0,4
8,12,0,4,2,2
17,29,0,1,0,4
19,22,0,1,1,4
9,28,0,2,0,4
18,5,0,3,3,1
11,28,0,1,0,4
10,4,0,3,3,0
9,19,0,2,1,4
4,0,0,2,3,1
0,28,0,3,0,4
4,17,0,3,1,4
10,14,0,0,1,4
7,22,0,4,1,4
8,9,0,2,2,2
19,2,1,0,3,0
7,4,0,3,2,2
9,23,0,4,1,4
2,28,0,3,0,4
0,12,0,3,2,3
15,7,1,3,3,1
11,21,1,4,1,4
15,20,0,0,0,4
2,28,0,3,0,4
11,1,0,3,3,1
5,8,0,0,1,4
4,16,0,2,1,4
0,26,0,2,0,4
2,17,0,3,1,4
6,12,0,0,1,4
2,0,1,3,3,1
19,11,0,1,2,3
6,19,0,2,1,4
2,19,0,3,0,4
3,20,0,2,1,4
11,4,1,2,3,1
1,7,0,0,1,4
17,26,1,3,1,4
19,14,0,4,2,3
4,26,1,4,0,4
9,2,1,3,3,0
0,5,0,1,2,3
12,27,0,1,0,4
8,12,1,1,2,2
5,11,0,2,2,3
4,18,0,1,1,4
13,28,0,1,0,4
8,17,0,3,1,4
3,23,0,2,0,4
13,0,0,3,3,0
11,24,0,4,1,4
17,26,0,3,0,4
2,6,1,3,2,2
15,11,0,3,2,3
13,9,1,2,2,2
2,28,1,0,0,4
13,11,1,0,2,3
8,10,1,1,2,2
18,3,1,3,4,0
2,18,1,4,1,4
12,5,0,4,3,1
7,24,0,0,0,4
19,8,1,4,2,2
6,19,0,2,0,4
19,9,1,3,2,2
18,4,1,1,3,1
5,26,0,0,0,4
16,12,1,2,2,2
19,8,0,3,3,1
5,1,0,1,3,1
8,17,0,1,1,4
10,20,0,4,1,4
5,0,0,4,3,0
0,23,0,0,0,4
4,20,0,3,1,4
5,11,1,2,2,3
8,9,0,2,2,3
3,1,0,2,3,1
17,27,0,2,0,4
14,8,1,2,2,2
1,1,1,2,2,2
13,22,0,2,1,4
13,23,0,3,1,4
19,29,1,3,1,4
0,21,0,2,0,4
4,13,0,1,1,4
18,10,0,3,2,2
18,22,0,3,1,4
14,10,1,3,2,2
15,16,0,2,1,4
1,3,0,1,2,2
10,12,0,3,2,3
4,6,1,2,2,2
3,15,1,4,2,3
16,0,1,3,3,1
2,12,0,1,1,4
9,0,0,2,3,1
18,10,1,3,2,2
3,5,0,2,2,3
19,19,1,2,1,4
19,2,0,3,3,0
11,11,0,3,2,3
3,4,0,1,2,2
6,8,1,2,2,3
8,25,1,4,1,4
6,25,0,4,1,4
5,11,0,3,2,3
19,29,1,4,1,4
3,29,0,2,0,4
14,27,1,2,1,4
0,26,0,2,0,4
11,9,0,1,2,2
18,18,0,2,1,4
5,4,0,2,3,1
3,25,0,3,1,4
13,4,0,3,3,1
14,8,0,3,2,2
13,26,0,2,0,4
6,27,0,1,0,4
5,25,1,2,0,4
19,26,0,3,1,4
18,19,0,1,1,4
9,16,0,2,1,4
16,9,0,2,2,2
9,20,1,3,1,4
8,0,0,3,3,1
3,21,1,3,1,4
8,27,0,2,0,4
10,15,0,2,1,4
0,25,0,1,0,4
8,25,1,1,0,4
15,14,1,1,1,4
13,22,0,1,0,4
12,16,1,1,1,4
18,25,0,1,0,4
0,19,1,1,0,4
11,24,0,3,0,4
15,12,0,4,3,1
10,0,0,3,3,0
6,24,1,0,0,4
2,7,1,2,2,2
17,4,1,3,3,1
9,5,1,1,3,1
17,22,0,3,1,4
11,19,1,2,1,4
13,29,1,4,1,4
16,13,0,3,2,2
13,21,0,3,1,4
7,22,0,3,0,4
10,10,1,1,2,2
16,5,1,1,2,2
7,10,1,2,2,3
7,12,1,1,1,4
1,11,1,1,2,3
18,21,1,2,1,4
1,1,1,3,3,0
12,20,0,0,1,4
8,2,0,1,2,2
8,22,0,2,1,4
13,3,1,2,3,1
1,16,0,1,1,4
11,27,0,4,0,4
15,27,0,2,0,4
16,21,0,2,1,4
3,5,0,0,2,2
17,6,0,2,2,2
13,14,0,3,2,3
17,10,0,1,2,2
9,23,0,2,0,4
10,2,0,0,2,2
18,29,0,4,0,4
17,5,0,0,3,1
8,25,0,3,0,4
5,1,0,2,2,2
7,28,1,2,0,4
7,13,0,3,1,4
5,8,0,1,2,2
5,17,0,2,1,4
17,18,0,2,1,4
1,11,0,0,2,3
13,12,0,3,2,2
3,25,0,0,0,4
6,11,0,3,1,4
1,11,0,2,2,3
5,17,1,1,1,4
15,8,0,3,2,2
17,16,1,2,2,3
4,20,0,2,1,4
9,15,0,2,1,4
9,16,0,1,1,4
17,20,1,3,2,3
15,23,0,2,0,4
10,7,0,1,2,3
13,10,0,3,2,2
16,23,0,0,1,4
0,1,1,1,3,1
8,7,0,2,2,2
18,11,0,3,2,3
14,20,0,4,1,4
10,0,0,3,3,0
10,22,0,2,1,4
6,12,0,3,2,2
10,21,0,2,0,4
13,20,1,1,1,4
8,16,0,4,1,4
14,13,1,1,1,4
17,13,0,2,2,2
3,15,0,3,1,4
9,16,0,3,1,4
8,5,1,0,2,2
13,25,0,0,0,4
4,27,0,2,0,4
12,6,0,2,2,2
17,25,1,2,1,4
8,25,0,2,0,4
18,0,0,4,3,0
19,24,0,1,1,4
2,14,1,2,1,4
4,19,1,2,1,4
19,20,0,1,1,4
19,17,0,1,1,4
1,29,1,4,0,4
0,27,1,3,0,4
3,25,0,1,0,4
19,12,1,3,2,2
3,23,0,1,0,4
10,29,0,3,0,4
16,1,1,0,3,1
0,18,0,3,1,4
12,14,1,0,2,3
5,11,0,2,1,4
17,14,0,3,1,4
5,24,1,1,0,4
13,17,0,2,1,4
13,13,0,0,2,3
4,5,1,3,3,1
0,11,0,2,1,4
8,19,0,2,1,4
5,22,1,4,1,4
16,29,0,2,0,4
16,29,1,0,0,4
9,5,1,3,2,2
12,25,0,3,0,4
12,29,0,4,0,4
16,8,1,1,2,2
8,29,0,2,0,4
5,24,0,3,1,4
5,25,0,3,1,4
10,3,0,3,3,1
8,16,0,1,1,4
8,1,1,1,3,1
1,15,1,1,1,4
14,23,0,4,2,3
4,13,0,1,1,4
3,25,0,2,0,4
8,7,0,2,2,3
4,13,1,2,2,3
11,1,1,2,3,1
7,15,1,3,2,3
8,3,0,2,2,2
10,0,0,1,3,1
4,22,0,2,0,4
3,19,0,3,1,4
17,26,0,4,1,4
8,13,1,3,2,3
8,7,1,3,2,2
0,24,1,2,0,4
9,27,1,3,0,4
11,24,0,4,0,4
11,2,0,2,3,1
14,4,0,0,2,2
3,5,0,4,2,2
5,21,0,3,0,4
16,25,1,2,1,4
18,7,0,4,3,1
2,5,0,2,2,3
9,5,0,2,2,2
4,3,0,3,3,1
1,6,0,1,2,3
6,29,0,3,0,4
2,29,0,1,0,4
14,23,1,1,0,4
10,18,0,2,1,4
2,6,0,2,2,3
0,2,0,1,2,2
16,7,1,4,3,1
3,0,0,2,2,2
12,0,1,1,3,0
6,13,1,2,2,3
11,5,1,3,2,2
6,9,0,2,2,3
1,24,0,1,0,4
4,27,0,1,0,4
3,13,0,2,1,4
8,3,0,2,2,2
13,5,1,3,3,1
5,15,1,4,2,3
0,27,0,1,0,4
10,20,0,3,1,4
12,27,1,4,1,4
19,0,0,4,3,0
11,5,0,4,3,1
9,8,0,3,2,2
11,14,1,2,2,3
18,11,0,2,2,3
16,2,1,2,3,1
6,10,0,3,2,3
4,14,0,2,2,3
5,2,0,1,2,2
10,13,0,1,1,4
14,1,0,3,3,1
10,28,0,3,0,4
1,3,1,2,2,2
14,25,0,1,0,4
16,18,1,3,1,4
5,11,1,0,1,4
13,1,1,2,3,1
8,16,1,2,1,4
17,2,0,4,3,1
16,9,0,2,2,2
10,15,1,2,2,3
13,21,1,3,1,4
17,8,1,2,2,2
9,10,0,1,2,3
6,20,0,2,1,4
15,14,0,4,2,2
4,2,1,2,3,1
7,15,0,3,2,3
17,29,0,4,1,4
14,20,0,3,1,4
8,20,0,3,1,4
4,20,0,3,1,4
7,27,1,4,0,4
5,11,1,4,2,3
3,22,0,4,0,4
14,4,0,3,2,2
5,6,1,2,2,2
9,8,0,1,3,1
7,20,1,2,1,4
19,17,0,4,2,3
7,20,0,3,1,4
1,7,0,2,2,3
1,11,1,2,1,4
11,19,0,2,1,4
11,1,0,2,2,2
8,9,0,3,2,2
8,18,0,2,1,4
1,8,0,1,1,4
10,24,0,2,0,4
10,23,0,1,0,4
2,7,0,4,2,3
2,23,0,2,0,4
2,23,0,4,0,4
2,23,0,1,0,4
12,0,0,1,2,2
3,5,0,3,2,3
5,11,0,3,2,3
3,24,0,2,0,4
19,23,0,1,0,4
17,18,0,0,1,4
4,26,0,3,0,4
6,16,0,1,1,4
4,1,1,2,2,2
9,10,1,3,2,3
0,17,0,0,0,4
13,22,0,1,1,4
10,27,1,0,0,4
17,21,1,4,1,4
3,10,0,2,2,3
16,17,0,4,1,4
15,7,0,1,3,1
2,14,0,3,2,3
7,8,0,1,2,3
3,14,0,2,1,4
5,6,1,3,2,2
5,19,0,3,1,4
11,12,0,3,2,3
8,12,0,3,2,3
18,0,0,1,3,1
2,19,0,2,1,4
19,3,0,2,3,1
4,23,0,3,0,4
15,3,0,1,3,1
6,3,1,4,3,0
2,12,0,2,2,3
17,1,0,3,3,1
6,27,0,1,0,4
13,25,0,2,0,4
11,22,0,3,1,4
9,14,0,2,2,3
9,3,0,4,3,1
14,26,0,3,0,4
1,5,1,2,2,2
13,2,0,3,3,1
17,6,0,3,3,1
1,5,0,3,1,4
2,2,1,1,3,1
14,3,0,2,3,1
8,9,0,3,2,3
8,29,1,3,1,4
2,20,0,2,0,4
10,8,0,1,2,3
2,29,0,2,0,4
9,5,1,0,2,2
15,28,1,3,0,4
5,19,1,3,1,4
9,26,1,2,0,4
19,10,1,3,3,1
13,6,0,2,2,2
16,17,1,3,2,3
8,3,0,1,2,2
15,4,0,2,2,2
0,3,0,3,3,1
2,3,0,1,2,2
4,26,1,2,0,4
8,12,0,2,2,3
16,15,0,1,1,4
6,24,0,1,1,4
13,13,1,1,1,4
14,10,0,4,3,1
11,28,0,3,0,4
7,1,0,2,2,2
11,21,0,3,1,4
6,13,0,0,1,4
1,23,0,2,0,4
19,23,1,1,1,4
2,26,0,1,0,4
1,6,0,3,2,2
17,25,0,1,0,4
6,10,0,3,2,3
13,3,0,2,2,2
6,6,0,0,2,3
7,28,0,3,0,4
5,15,1,2,1,4
6,25,0,2,0,4
8,5,0,1,2,3
14,26,0,0,0,4
10,5,0,4,3,1
18,1,0,2,3,0
0,23,0,0,0,4
10,7,1,3,2,2
11,29,0,1,0,4
18,26,0,1,1,4
0,6,1,1,2,2
11,26,0,2,0,4
17,24,1,0,0,4
4,23,0,2,0,4
17,13,0,3,2,3
0,8,0,1,1,4
14,14,1,2,2,3
18,24,1,2,1,4
13,21,0,2,1,4
8,17,0,4,1,4
0,11,0,2,1,4
18,22,0,0,0,4
9,18,0,2,1,4
0,12,0,1,1,4
13,6,0,3,2,2
9,24,0,0,0,4
2,9,0,1,2,2
4,29,1,2,0,4
1,9,1,1,2,3
11,1,0,2,3,1
12,13,1,1,1,4
10,12,0,4,2,3
16,21,1,1,1,4
17,28,0,4,1,4
12,5,0,2,2,2
0,8,1,3,2,2
13,12,0,1,1,4
8,8,1,3,2,2
11,12,1,2,1,4
12,4,1,2,3,1
7,13,0,3,2,3
18,4,0,2,3,1
2,8,0,2,1,4
13,7,1,0,2,2
0,6,0,1,2,3
18,7,0,2,2,2
2,21,0,0,0,4
1,2,0,1,2,2
6,22,0,1,0,4
7,23,0,1,0,4
4,14,1,2,2,3
11,7,0,2,2,2
8,0,1,4,4,0
0,6,0,2,2,2
6,18,0,4,1,4
16,1,0,3,3,0
13,13,0,4,1,4
14,17,0,3,1,4
13,29,1,3,0,4
6,14,0,2,1,4
1,13,0,1,1,4
5,23,0,1,0,4
16,24,1,4,1,4
19,18,0,4,1,4
9,29,0,3,0,4
0,18,0,3,1,4
2,21,1,4,1,4
6,26,0,2,0,4
11,25,0,3,1,4
1,16,0,2,1,4
18,21,1,2,1,4
7,27,0,0,0,4
18,18,1,2,1,4
15,26,0,3,0,4
15,15,0,2,1,4
12,19,0,3,1,4
12,24,1,2,1,4
12,18,0,1,1,4
12,0,1,3,3,0
11,18,0,3,1,4
19,6,1,1,3,1
14,28,0,2,0,4
15,22,0,2,1,4
17,10,0,4,2,3
4,4,0,3,3,1
1,29,0,1,0,4
9,16,0,2,1,4
10,10,0,3,2,2
16,23,0,3,1,4
8,25,0,3,1,4
11,7,0,1,2,3
10,9,0,3,2,2
0,11,0,3,1,4
12,9,0,3,2,2
16,12,0,2,2,3
3,25,1,3,0,4
11,17,1,3,1,4
11,9,0,3,2,2
3,18,0,2,1,4
2,19,0,1,0,4
19,16,0,2,1,4
7,19,0,2,1,4
4,15,0,2,1,4
3,4,0,2,2,2
13,2,0,2,3,1
12,29,0,3,0,4
12,26,0,1,0,4
1,14,0,2,1,4
17,25,0,3,1,4
7,1,0,2,3,1
6,12,1,2,2,3
9,21,1,2,1,4
7,7,0,2,2,3
17,22,0,1,1,4
18,26,0,2,1,4
6,29,0,4,1,4
17,16,0,2,1,4
15,3,0,0,2,2
18,18,0,3,1,4
4,21,0,2,0,4
11,24,1,1,0,4
5,8,1,3,2,3
16,22,0,1,1,4
0,14,0,4,1,4
11,27,0,2,0,4
6,8,1,3,2,2
6,23,1,2,1,4
12,20,1,1,1,4
17,8,0,3,2,2
12,13,1,4,2,2
17,22,0,3,1,4
5,20,1,3,1,4
10,15,1,4,2,3
9,23,0,1,0,4
0,22,0,0,0,4
11,24,1,0,0,4
13,25,0,3,0,4
11,16,0,3,1,4
14,12,0,3,2,3
11,8,0,4,2,2
1,14,0,3,1,4
2,6,0,2,2,3
11,0,0,1,2,2
5,0,0,4,3,1
1,4,0,1,2,3
8,23,0,2,1,4
11,8,0,2,2,2
6,11,0,1,1,4
14,5,0,3,3,1
12,27,1,1,0,4
6,12,0,4,2,3
15,25,1,2,0,4
12,27,0,3,0,4
12,7,1,3,3,1
11,14,0,3,1,4
0,5,0,4,2,2
13,26,0,1,0,4
7,5,0,0,2,2
18,3,0,0,2,2
16,10,0,3,2,2
11,20,0,4,1,4
5,29,1,2,0,4
4,17,0,3,1,4
6,2,0,0,2,2
9,2,0,1,2,2
5,29,0,3,0,4
10,11,1,0,2,3
3,26,1,2,0,4
19,20,1,3,2,3
2,29,1,3,0,4
18,20,0,2,1,4
18,5,0,3,2,2
10,20,0,2,1,4
14,27,1,0,0,4
8,5,1,3,3,1
12,7,0,1,2,3
6,14,0,0,1,4
6,17,1,2,1,4
11,19,0,3,1,4
9,28,1,1,0,4
11,15,0,0,1,4
5,5,0,1,2,3
7,27,0,2,0,4
1,20,0,2,0,4
1,16,0,1,1,4
5,8,0,3,2,3
1,18,1,3,1,4
2,17,0,3,1,4
16,24,1,2,1,4
0,22,0,2,0,4
13,4,1,2,3,1
5,27,0,2,0,4
17,5,0,0,2,3
9,11,0,3,2,2
6,10,0,2,1,4
10,15,1,1,2,3
7,19,0,1,1,4
11,16,0,1,1,4
2,19,1,4,1,4
19,8,0,1,2,3
8,0,1,3,3,0
6,25,0,2,0,4
14,2,1,3,3,0
7,20,0,2,1,4
16,22,1,4,1,4
9,8,0,1,2,2
14,21,0,2,1,4
2,18,0,1,0,4
16,12,0,2,2,2
14,22,0,2,1,4
4,13,0,3,2,3
2,19,0,2,1,4
6,18,1,0,1,4
19,29,0,3,1,4
5,22,1,2,0,4
9,26,0,1,0,4
0,26,0,4,1,4
7,6,1,4,3,1
11,3,1,3,3,1
19,11,0,3,2,3
10,22,0,0,0,4
16,26,0,4,0,4
10,13,0,2,1,4
0,1,0,1,2,2
6,0,0,3,3,1
11,27,0,1,0,4
19,17,0,2,2,3
17,19,1,1,1,4
4,7,1,2,2,2
4,2,0,2,3,1
4,25,0,2,1,4
18,5,0,0,2,3
17,21,1,2,1,4
15,12,0,2,2,3
7,8,0,1,2,3
10,8,0,4,2,2
9,19,0,2,1,4
5,8,0,3,2,3
10,14,1,1,1,4
0,12,0,2,1,4
2,21,0,1,1,4
17,15,0,2,2,3
15,1,0,1,2,2
8,25,0,2,0,4
10,13,0,2,1,4
7,26,0,1,0,4
14,5,1,3,3,1
15,1,1,4,3,0
15,7,0,1,2,2
14,3,1,3,3,0
4,20,1,3,1,4
6,23,0,2,0,4
9,13,0,3,2,3
6,10,0,4,2,2
15,23,0,2,0,4
6,27,1,3,0,4
2,13,0,3,1,4
7,11,0,2,2,3
19,15,0,2,2,3
4,5,0,4,2,2
12,19,0,3,1,4
8,0,0,1,2,2
1,11,0,1,2,3
9,6,1,4,3,1
14,7,1,0,2,2
10,8,1,3,3,1
17,1,1,1,4,0
5,16,1,0,1,4
1,19,0,0,0,4
18,12,0,2,2,3
7,4,0,0,1,4
11,9,0,2,2,3
15,11,0,3,2,2
6,16,1,2,2,3
14,20,0,3,1,4
2,5,0,2,2,3
5,2,0,2,2,2
2,27,0,2,0,4
16,14,1,2,2,3
4,6,0,4,2,2
14,29,0,3,0,4
18,5,0,2,2,2
10,3,1,3,3,1
10,18,0,2,1,4
9,4,0,1,2,2
6,2,1,2,3,1
9,25,0,3,0,4
12,24,0,2,0,4
19,8,0,3,2,2
18,5,1,2,3,1
17,12,0,2,2,3
17,26,0,4,1,4
9,21,0,2,0,4
13,27,0,3,0,4
17,29,0,3,1,4
7,19,0,4,1,4
19,3,0,0,2,2
8,1,0,1,3,1
12,25,0,3,0,4
14,3,0,2,2,2
19,7,0,2,2,2
4,12,0,1,1,4
14,9,0,1,2,3
10,17,1,2,1,4
5,8,0,1,2,3
15,29,0,1,0,4
11,0,0,0,2,2
13,12,0,1,1,4
6,17,1,3,1,4
9,14,0,3,1,4
12,1,0,0,2,2
8,10,0,1,1,4
3,28,0,2,0,4
19,13,0,2,2,2
10,21,0,3,1,4
14,14,1,3,2,3
8,13,1,3,2,3
7,15,0,2,1,4
8,22,0,2,1,4
8,28,1,3,0,4
10,14,0,0,1,4
10,18,0,0,0,4
9,26,1,0,0,4
2,8,0,2,2,2
9,4,0,1,2,3
3,4,0,1,2,3
2,10,0,3,2,3
18,27,1,4,1,4
12,19,0,1,1,4
13,24,1,2,1,4
8,23,0,1,0,4
18,27,0,4,0,4
12,3,0,1,3,1
15,19,0,3,1,4
7,17,0,1,1,4
19,24,0,3,1,4
16,2,1,1,3,1
17,3,1,1,3,0
3,13,0,1,2,3
5,6,0,1,2,2
5,25,1,3,0,4
5,7,0,3,2,2
17,23,0,2,0,4
0,15,1,4,1,4
1,19,0,2,1,4
5,14,0,4,2,3
3,6,0,1,1,4
4,25,0,4,0,4
15,16,0,0,1,4
11,21,0,2,0,4
0,21,1,2,1,4
8,21,0,2,1,4
8,11,0,2,2,3
2,17,0,2,1,4
13,23,1,4,1,4
14,13,1,4,2,2
14,14,1,4,2,2
14,14,0,4,2,3
0,4,1,3,2,2
19,15,0,4,2,3
16,4,0,3,3,0
18,1,0,2,3,1
0,19,0,3,1,4
18,27,1,4,1,4
16,24,0,3,0,4
16,8,0,2,2,3
1,21,0,0,0,4
14,26,0,3,1,4
19,8,0,4,2,2
13,3,0,2,2,2
11,14,0,1,1,4
18,10,0,2,2,2
8,0,1,2,3,0
11,17,1,2,1,4
9,28,1,3,0,4
18,0,1,4,4,0
1,7,0,3,1,4
10,24,1,2,1,4
13,15,0,4,2,3
15,25,1,2,1,4
11,27,0,1,0,4
18,21,1,2,1,4
18,17,0,3,2,3
1,21,0,3,0,4
8,8,0,4,3,1
0,11,0,2,1,4
6,18,1,1,1,4
10,24,0,0,0,4
18,17,0,3,1,4
16,26,1,3,1,4
2,4,0,2,2,3
1,26,0,2,0,4
11,1,0,4,3,0
10,6,0,4,3,1
5,26,1,1,0,4
17,9,1,3,3,0
18,14,1,3,2,2
8,24,0,1,1,4
17,6,0,2,3,1
7,27,0,1,0,4
14,4,1,1,3,1
9,14,0,3,2,3
2,19,0,2,1,4
18,27,0,2,0,4
9,19,0,2,1,4
14,14,1,0,2,3
7,9,0,3,2,3
0,23,0,2,0,4
2,25,0,2,0,4
9,28,1,4,0,4
13,25,0,2,1,4
6,13,0,3,1,4
13,25,0,2,0,4
13,25,0,3,1,4
14,9,1,3,3,1
9,16,0,1,1,4
18,20,1,3,1,4
9,13,0,0,1,4
9,1,1,4,3,0
3,15,1,2,1,4
6,12,0,3,1,4
0,26,0,2,0,4
12,8,0,3,2,2
4,6,0,4,2,2
6,15,0,3,1,4
15,9,0,1,2,3
6,23,1,2,1,4
4,21,0,2,1,4
3,8,1,2,2,2
15,21,0,2,1,4
2,22,0,2,0,4
9,6,1,2,2,2
10,15,0,1,1,4
13,8,0,2,1,4
12,26,1,1,1,4
16,23,1,1,1,4
0,28,0,3,0,4
5,16,0,0,1,4
5,19,0,2,1,4
2,6,0,2,2,2
5,10,0,2,2,3
6,7,0,3,2,2
10,6,0,2,2,2
13,27,1,1,1,4
7,18,1,3,1,4
14,19,0,4,1,4
6,11,0,0,2,3
5,6,0,2,2,3
10,7,0,2,2,3
0,6,0,1,1,4
1,5,0,2,2,2
8,24,0,3,0,4
18,8,1,1,2,2
14,26,1,4,0,4
1,12,1,2,2,3
16,6,0,2,3,1
14,7,0,3,2,2
12,21,0,0,0,4
16,16,1,2,2,3
8,16,0,2,1,4
4,15,0,2,1,4
10,21,0,2,1,4
10,1,0,0,2,2
10,29,0,1,0,4
11,7,0,1,2,3
18,16,0,4,2,3
18,12,0,0,1,4
17,17,0,1,1,4
16,23,0,4,1,4
18,27,1,3,1,4
1,21,0,2,1,4
5,27,0,0,0,4
9,9,0,3,2,3
16,1,1,1,3,0
10,1,0,3,3,0
14,26,0,4,1,4
2,13,0,2,1,4
5,15,0,1,1,4
14,6,0,3,3,1
3,20,0,2,0,4
7,20,1,2,1,4
5,23,1,2,1,4
6,11,1,3,2,2
14,27,0,2,0,4
7,22,1,4,1,4
11,27,0,3,0,4
1,13,0,1,1,4
16,24,1,3,1,4
7,3,0,1,2,2
12,25,0,3,1,4
14,3,0,1,3,0
4,17,0,2,1,4
17,2,1,3,3,1
12,0,0,1,3,1
8,16,0,3,1,4
3,6,0,3,3,1
18,29,1,2,0,4
15,15,0,2,2,2
4,29,0,4,0,4
6,4,1,1,2,2
16,18,0,3,1,4
13,6,0,3,2,2
15,13,1,4,2,2
8,1,0,3,3,1
14,2,1,2,3,0
7,16,0,4,1,4
4,15,1,3,1,4
12,7,1,3,3,1
19,17,0,0,1,4
6,14,0,2,1,4
9,6,1,3,3,1
13,26,0,2,0,4
10,8,0,2,2,3
16,5,0,1,2,2
15,17,1,2,2,3
1,17,1,1,1,4
19,24,0,1,0,4
15,25,0,2,0,4
17,23,1,3,1,4
13,13,1,2,3,1
17,13,0,1,1,4
2,13,1,1,1,4
6,24,1,2,0,4
17,3,0,3,3,3
4,3,1,3,3,2
1,14,0,1,1,3
15,14,0,2,2,4
16,17,0,3,1,4
3,13,1,1,1,1
17,25,1,2,1,2
13,0,0,2,3,2
10,9,0,1,2,4
16,28,0,0,0,4
8,19,1,2,1,3
3,9,1,0,2,3
5,9,0,1,2,1
10,26,0,2,0,4
10,23,0,0,0,3
16,1,0,2,3,1
15,28,0,1,0,2
11,27,1,2,0,4
15,26,0,3,1,0
3,7,0,3,2,4
1,0,0,2,2,3
17,0,0,0,3,4
1,3,0,3,2,0
4,6,0,1,2,4
13,8,0,0,2,3
8,15,1,3,2,2
17,4,0,4,3,3
5,1,1,2,3,1
0,27,0,0,0,3
6,22,0,3,1,1
11,10,0,0,1,4
7,17,1,3,1,1
10,24,0,2,0,4
17,24,0,2,0,1
18,18,1,2,1,3
5,12,0,4,2,0
9,23,1,3,1,4
10,10,0,2,2,1
18,19,0,3,1,0
19,18,0,2,1,1
4,16,1,3,1,1
14,4,0,3,3,1
7,12,0,0,1,3
0,29,0,2,0,1
0,26,0,4,0,0
9,19,1,4,1,1
9,0,0,0,3,2
0,9,0,1,1,4
13,7,0,4,3,3
5,23,0,2,1,2
11,28,0,2,0,2
6,7,0,1,2,0
3,18,1,3,1,0
8,5,1,1,2,3
4,11,0,1,2,3
10,27,1,1,0,4
3,6,0,4,2,1
10,15,0,3,1,3
3,8,0,3,2,3
13,20,0,2,1,1
15,24,0,4,1,4
2,21,1,3,1,0
9,9,1,3,2,4
1,9,0,4,2,1
11,9,0,2,2,0
5,19,1,3,1,0
10,28,0,4,0,0
10,15,0,3,2,4
18,0,0,2,3,1
10,16,0,0,1,4
11,29,0,3,0,4
8,25,1,2,1,2
18,20,1,1,1,3
15,28,0,3,1,4
5,13,1,2,2,2
16,18,0,2,1,1
8,20,0,3,1,2
16,20,1,2,1,4
16,16,0,0,1,1
3,13,0,2,1,2
14,7,0,0,2,4
5,20,1,1,1,1
5,20,1,0,0,1
5,8,1,1,2,3
14,7,0,2,2,4
4,12,1,2,2,3
0,16,0,4,1,1
14,18,1,2,1,1
3,27,0,3,0,2
2,6,0,2,2,3
4,16,0,3,1,0
7,0,1,3,3,4
9,4,1,2,3,3
0,24,0,1,0,1
19,5,0,2,2,2
14,25,1,3,1,4
6,1,0,2,3,4
6,26,1,3,1,2
8,24,1,1,1,1
12,15,0,0,2,0
2,21,0,2,1,2
3,4,0,3,2,0
17,4,0,2,3,3
5,11,0,3,2,4
7,2,1,1,3,1
17,29,0,2,0,0
13,15,0,3,2,1
6,5,0,3,3,3
13,14,0,1,1,0
0,14,1,2,2,1
14,28,0,3,0,1
9,15,0,0,1,3
16,19,1,3,2,2
19,12,0,2,2,3
18,11,0,1,2,0
18,9,0,3,2,0
10,13,1,1,2,4
7,1,0,4,3,1
9,28,1,3,0,0
13,2,1,3,3,2
17,8,0,0,2,2
4,10,0,4,2,3
18,10,0,3,2,0
16,24,0,1,1,0
19,21,1,2,2,4
17,9,0,1,2,4
5,25,0,4,0,4
2,13,1,3,1,0
2,8,0,4,2,3
5,19,0,3,1,3
12,26,0,2,0,3
16,20,0,1,1,3
17,9,1,1,2,2
12,21,0,1,0,0
0,28,0,2,0,1
3,8,0,4,2,0
1,28,0,4,0,3
7,4,0,1,2,2
10,7,0,3,2,2
0,10,1,2,2,0
6,0,1,2,3,1
3,20,0,3,0,3
12,9,0,2,2,2
9,0,0,4,4,3
9,25,0,3,1,3
8,29,0,3,0,3
19,21,0,1,1,4
4,6,0,1,2,3
10,27,0,2,0,3
14,13,1,3,2,1
11,4,0,4,3,1
18,16,1,2,2,4
7,21,0,3,1,4
9,25,0,2,0,3
1,20,1,1,1,2
12,5,0,3,3,2
5,15,1,3,2,0
3,10,0,1,2,2
10,9,0,2,2,2
10,14,0,2,1,1
1,6,0,1,2,0
13,22,1,4,1,0
12,1,1,2,3,1
3,11,1,1,2,2
9,18,0,1,1,2
14,11,0,4,2,0
10,15,0,3,2,2
7,5,0,3,2,0
6,2,1,0,2,2
12,1,0,3,3,3
18,19,0,2,1,1
13,4,0,3,2,4
1,10,1,4,2,3
9,25,1,1,0,2
17,24,0,2,0,4
1,2,0,0,2,3
19,2,0,2,3,1
18,21,0,1,1,4
1,4,1,4,3,4
18,21,0,2,1,1
7,22,0,3,0,3
16,10,0,3,2,4
8,2,0,4,3,1
8,12,1,2,2,3
12,20,0,2,1,2
15,7,0,0,2,0
0,19,1,0,1,2
11,9,0,3,2,2
3,1,1,0,2,0
6,3,0,2,2,2
6,17,0,0,0,2
9,18,0,3,1,1
6,3,0,2,3,1
2,19,0,1,1,3
2,25,0,1,0,4
0,8,0,2,1,3
9,15,0,3,1,1
19,25,0,2,0,1
2,5,1,3,2,0
18,24,0,1,1,0
14,3,0,0,2,1
12,8,1,0,2,2
12,26,0,2,0,3
16,12,0,3,2,1
2,8,0,1,1,1
10,5,0,3,2,0
13,20,0,2,1,3
11,18,1,4,1,3
16,13,1,3,2,4
1,20,0,3,1,1
13,14,0,2,2,4
10,2,0,4,3,0
7,4,1,4,3,4
6,20,0,2,1,2
12,17,0,2,1,1
17,13,0,2,2,1
